{
  "version": 2,
  "name": "daito-design-v2",
  "buildCommand": null,
  "outputDirectory": ".",
  "cleanUrls": true,
  "trailingSlash": false,
  "headers": [
    {
      "source": "/(.*)",
      "headers": [
        { "key": "X-Content-Type-Options", "value": "nosniff" },
        { "key": "X-Frame-Options", "value": "DENY" },
        { "key": "X-XSS-Protection", "value": "1; mode=block" }
      ]
    },
    {
      "source": "/css/(.*)",
      "headers": [
        { "key": "Cache-Control", "value": "public, max-age=31536000, immutable" }
      ]
    },
    {
      "source": "/js/(.*)",
      "headers": [
        { "key": "Cache-Control", "value": "public, max-age=31536000, immutable" }
      ]
    }
  ],
  "redirects": [
    {
      "source": "/assessment",
      "destination": "/agentic-assessment.html",
      "permanent": false
    },
    {
      "source": "/manual",
      "destination": "/agentic-manual.html",
      "permanent": false
    },
    {
      "source": "/axd",
      "destination": "/agentic-experience.html",
      "permanent": false
    }
  ]
}
